	Charlotte_NC	Chicago_IL	Indianapolis_IN	Baltimore_MD	Miami_FL	Washington_DC	New_York_NY	Atlanta_GA	Houston_TX	Los_Angeles_CA	Seattle_WA	New_Orleans_LA	Cleveland_OH	Denver_CO	Philadelphia_PA	Nashville_TN	Boston_MA	Las_Vegas_NV	San_Francisco_CA	Detroit_MI
2020-01-01	6655	28963	4590	7114	9738	17140	25428	23499	26094	47285	15499	6692	5812	7783	12602	7885	12255	11951	10972	6403
2020-01-02	6575	28560	4803	7683	9018	20805	27049	24788	24207	44736	13862	6735	5451	7108	13446	7536	13161	10352	10881	6439
2020-01-03	8579	36255	6427	9686	12174	29648	34084	31980	31490	54535	17809	8912	6964	9990	17060	9533	15970	13367	13299	8127
2020-01-04	6921	28840	4845	7762	9456	19111	25544	24359	26921	45522	14680	7109	5716	7637	14378	7598	12915	11446	10779	6189
2020-01-05	8465	32368	5974	9884	10871	21939	29255	28658	30738	49855	17316	11755	7148	8999	17992	10126	17025	12686	12021	7122
2020-01-06	7520	32892	5673	9282	10662	25866	33618	27498	27489	53541	17501	7756	6299	8561	17638	8125	15205	12167	12122	7211
2020-01-07	8332	34431	5590	9451	10778	27405	33018	27650	28141	52604	17811	7858	7031	8975	16052	8681	15351	12063	13626	7179
2020-01-08	8650	36583	6302	9641	11326	30732	34317	28686	29120	55266	18998	7634	6662	9876	16720	9014	16233	12792	13776	7678
2020-01-09	8715	36401	6348	9537	12087	27117	34599	30181	30531	55623	18860	7965	6920	9651	17037	8749	16404	12935	14238	7743
2020-01-10	8384	36217	5826	9441	11624	27174	33019	29508	31237	56486	18803	8355	7058	9240	17549	8854	16490	13362	13660	7726
2020-01-11	7195	30622	5372	7868	10308	19756	27347	26316	28108	48854	15755	7347	6363	7827	13575	8253	13197	11859	11846	6930
2020-01-12	8417	31617	5938	13017	11181	19225	27617	27835	33853	48192	16944	8277	7912	8496	15278	10816	14462	12360	11728	7041
2020-01-13	8593	35351	5672	9514	11104	25793	33750	28851	31539	54851	21666	8349	7173	8807	16128	8907	15907	12714	12928	7691
2020-01-14	10287	37612	6541	10111	12142	28803	35248	32756	32304	57721	20229	10241	7789	10034	18032	10157	17323	13106	14323	7978
2020-01-15	10084	39819	6501	10555	12240	32866	37887	31633	31901	59533	20989	8686	7776	10672	19175	9724	18485	14900	15582	8072
2020-01-16	9051	38732	6281	9920	12688	29428	37088	31061	32683	60603	20219	8569	7883	10451	18386	9485	17956	13797	15604	7739
2020-01-17	8416	37756	6312	9743	11879	26749	34376	29710	31641	59212	19398	8603	7522	10191	17591	9017	17437	13428	14637	7735
2020-01-18	6811	31574	5474	8397	9828	19883	26632	25252	26388	48869	16371	7233	6586	7999	14784	7667	12917	12020	11875	7360
2020-01-19	7324	31139	5420	9145	10090	18576	27122	26350	27484	47894	15071	7632	6776	8061	15141	9731	13624	12739	10922	7434
2020-01-20	7674	34798	5675	9444	11020	22034	30444	27866	28810	52515	16892	8204	7430	8992	16734	8739	14785	12441	13465	7715
2020-01-21	8616	37482	6138	10290	12417	28237	35016	30523	30984	55932	18323	8065	7417	10461	17860	8940	17233	13071	13873	8075
2020-01-22	8965	38618	6236	10516	13153	30395	36366	31475	32086	62183	19751	8471	7726	10568	18112	9683	17620	13971	15006	8190
2020-01-23	9306	39352	5983	10212	12587	29414	36225	31468	31704	58270	21576	9082	7328	10095	18210	9798	17216	13920	15542	8665
2020-01-24	8940	39079	6286	9657	12000	29402	35719	30977	32027	59380	20730	8348	7252	9994	18085	9803	17043	13729	15509	8369
2020-01-25	7505	33110	5289	7959	9997	22116	29489	25826	27086	50847	17739	7301	6022	8528	14994	8242	14500	12527	12207	7260
2020-01-26	9161	38467	6398	10334	13307	22864	33909	33363	34882	66891	17432	9065	8210	9218	19752	9232	16333	15710	13188	9375
2020-01-27	8282	38508	5618	9650	11162	27700	35035	30086	29139	57725	17636	8049	7130	9578	17600	9105	16677	13115	13384	8020
2020-01-28	8940	39350	6083	10032	12793	31322	35966	31342	32055	58923	19790	8695	7715	10720	18545	9632	18146	13585	15497	8504
2020-01-29	8992	40871	6449	10551	12781	30893	36236	32570	32130	60273	20212	8963	7584	11390	18672	10039	18249	14186	16077	8814
2020-01-30	9057	41381	6589	10766	12790	30909	36845	32761	32517	60228	21003	8822	7765	11267	19105	10062	18059	14112	16032	8969
2020-01-31	10196	43535	6509	10910	13516	33352	40009	33670	34223	65907	22480	9436	8441	12269	20435	11247	19288	15021	16783	9127
2020-02-01	7916	35992	6003	9097	12023	22757	32693	28558	28368	59028	18263	8381	7324	9825	16873	9040	15346	13631	14055	7504
2020-02-02	7696	33836	5827	9509	11302	21416	30833	26984	27659	53515	17258	8266	6713	8916	17134	8280	15615	12726	13238	7249
2020-02-03	10897	44730	7557	12356	15910	31849	41446	36879	37472	68526	21956	10619	9332	12667	22562	11557	21650	16398	17625	9611
2020-02-04	9615	44678	7032	11036	13532	37013	41711	34336	34304	65277	21522	9800	8317	12358	22609	11100	20152	14873	17201	9950
2020-02-05	11279	48850	8217	12686	15841	42693	45957	39132	40579	74075	23644	11905	9513	14254	25566	12239	23539	16868	18356	10900
2020-02-06	11417	45652	7383	11737	15340	33364	42717	38400	36344	68206	21200	9767	9185	12265	22223	11241	20716	15866	16937	10500
2020-02-07	10017	41872	6501	11027	13157	30842	38762	34722	34545	63675	19867	9716	8211	12042	20689	10369	18795	15221	15912	9254
2020-02-08	9471	37967	6585	9489	11497	27194	33412	32684	29770	58854	19222	8376	7802	10630	17852	9126	16749	14696	14567	8626
2020-02-09	8810	35198	5800	9338	11328	21760	31777	29238	28743	55888	16460	7711	6993	9396	17235	8036	15186	14505	12549	8447
2020-02-10	9514	43674	6407	11536	13393	31758	43162	35051	34786	72176	19047	9350	8366	10660	21248	10083	19115	14749	15228	9360
2020-02-11	10022	43596	6812	12012	14068	33625	40387	37169	36283	66622	21077	9828	8372	11613	21710	10187	19897	15182	16650	9982
2020-02-12	10235	46929	6891	11885	14692	35855	43554	36732	36957	69176	22715	10636	9020	13400	23529	11055	20690	16440	17584	9837
2020-02-13	10182	44981	7012	12046	14063	33938	42789	36212	36405	68430	21304	10204	8728	12877	21728	10853	19719	16546	17160	9965
2020-02-14	9666	43026	7095	11873	14520	31292	40811	33969	36308	67914	21628	9938	8281	12457	21205	10449	19650	16231	16961	9132
2020-02-15	8041	33237	5304	8725	10744	20850	30134	26844	29969	53326	17255	7940	6849	9063	15450	8381	14460	13986	12908	7369
2020-02-16	8251	34634	5597	9325	12496	20141	30947	28643	29903	52972	16550	7914	6730	9137	16531	8543	14324	14405	12093	8481
2020-02-17	9319	40763	6351	10771	13008	22982	34971	35436	34060	58515	17961	9126	7971	10346	19442	9551	15484	14477	13368	9519
2020-02-18	10400	42558	6679	11784	13565	30091	39755	37933	35770	64130	20147	10045	8611	11309	20386	10525	18959	16097	15750	10446
2020-02-19	10590	46766	7341	12676	15322	32540	43194	40340	39705	71644	21483	10688	8769	12394	22880	10679	19981	17062	17021	10688
2020-02-20	11452	50020	7142	13384	14949	43128	49831	41320	38573	76326	24464	10878	9249	13922	24031	11707	22238	18319	19330	10811
2020-02-21	10322	44987	6436	12481	14096	32280	41761	37391	37080	70471	21789	9887	8455	12484	22015	10134	19072	17321	16919	10318
2020-02-22	8691	38946	5693	10216	12042	24915	34689	32845	31201	61973	18532	8165	7817	10414	18506	8688	15798	16435	14341	9023
2020-02-23	9035	39600	6547	10837	12206	25106	37140	33404	32096	61978	19295	9293	7784	11069	20455	8979	16998	16909	14661	9158
2020-02-24	9643	43695	6986	11346	13934	30544	41107	36970	34534	65175	19362	9467	7927	11525	20843	9582	18303	16461	15863	10062
2020-02-25	10556	46061	7089	11755	15059	33612	44540	38076	37522	69433	21984	8793	8837	12244	22291	10756	19702	15772	16946	10391
2020-02-26	11147	49472	7676	13134	15214	41557	48672	40183	38388	75387	24035	10997	8706	13195	24587	11408	21884	16852	18609	10801
2020-02-27	10528	46765	6981	13047	15072	33923	43823	38505	37942	71544	22643	10445	8754	12326	23979	10792	20880	16494	17080	10737
2020-02-28	10418	46667	7723	12427	14895	33507	42769	37897	37734	70761	22876	10673	8652	12070	22580	10331	20673	16318	17626	10282
2020-02-29	8767	39846	6351	10085	12435	26146	35514	32598	31979	62868	21157	9813	7643	10894	19873	9268	17727	15461	14860	8781
2020-03-01	8814	38712	6409	10817	12490	26087	37490	33791	32706	62395	20510	9592	7565	10721	21443	9036	17689	15079	14657	9244
2020-03-02	10234	45156	7001	12437	13982	33639	44997	38405	36406	69229	23695	11512	8496	12207	22620	9735	20007	16213	16963	9799
2020-03-03	11217	48778	7346	12729	15281	38699	49097	41135	40857	75577	26832	11635	8970	13902	24852	16726	22437	16874	19093	10405
2020-03-04	12887	55300	8174	13383	16742	46138	56002	43939	42949	88072	30218	12479	10291	15836	27454	12436	25969	18689	21876	10996
2020-03-05	11567	52348	7695	13023	16217	39427	51035	42905	40828	80384	29043	12117	9694	14276	26576	11577	23867	17948	20277	11403
2020-03-06	11217	50787	7425	13518	15700	36863	48586	42110	40485	77571	27409	11968	9682	13791	25881	11411	22244	17820	20028	11265
2020-03-07	9728	40589	6954	10878	12964	26362	37359	33812	33891	65844	23728	9881	8184	10949	19892	9549	18067	16089	16961	9176
2020-03-08	9746	40203	6628	11192	12940	26607	38620	35139	33529	67206	22943	9580	7629	10809	20797	9446	18177	16302	15643	9571
2020-03-09	10016	46984	6964	11948	14313	34922	44982	39789	36322	68368	24016	10599	8943	12998	22765	10237	20751	16255	17491	10096
2020-03-10	11287	50284	7209	13054	15756	38736	48440	41775	39746	79088	27580	11647	9563	14171	24535	11410	23737	18014	19801	11838
2020-03-11	12506	58077	8690	14511	17004	44870	57136	45699	46717	86745	32016	13551	10727	16198	28253	12809	27684	18985	23365	13322
2020-03-12	15406	64359	10482	16594	20981	50453	61772	53794	51294	100902	33832	15078	12622	18503	31797	15268	30144	23828	25591	14059
2020-03-13	13025	58204	9005	14322	18166	45958	58221	48252	46489	93874	32471	14341	10770	17001	28869	14224	27997	22276	23765	13360
2020-03-14	10270	47421	7055	11244	14571	32974	45908	39598	38070	80499	26138	11419	9166	13410	23287	11319	22606	18798	21036	10879
2020-03-15	10828	50949	7262	12922	14291	35112	51491	40066	38052	79960	26797	12208	10636	14071	23777	12500	24232	18601	20808	10875
2020-03-16	13661	60737	9666	16889	18043	48407	62624	50322	53648	99428	33520	14846	12606	17575	30839	14901	28657	22209	24910	14067
2020-03-17	15820	62381	9772	15859	20349	47086	60907	52428	51675	98248	30995	16156	12517	17572	31294	14990	32095	22750	25235	14442
2020-03-18	14705	64643	9699	16457	19411	48690	59236	52676	49514	100392	32534	15673	11793	17770	30367	15062	30118	24323	25941	14383
2020-03-19	14044	62299	9786	16822	20238	47989	58175	52694	49435	97487	31413	15995	11929	17265	30207	14384	29066	22740	24366	15052
2020-03-20	14358	65172	9733	16965	20094	49873	61368	54825	51164	107467	32396	15929	11776	17929	30555	15607	29245	23620	26001	14213
2020-03-21	11855	56906	8653	14450	18413	39188	52627	47873	46348	92443	28431	15212	10781	15497	27062	13330	25336	21926	21951	12925
2020-03-22	12020	58011	8692	14978	18801	40055	54029	47818	45634	91350	28040	15620	10614	14756	27998	13639	24909	21277	22690	12608
2020-03-23	14365	62114	9429	17318	20015	48308	59953	55941	50349	97819	30125	16330	11868	17150	30320	14258	28445	23189	23162	13692
2020-03-24	15174	64172	9744	17205	21176	49211	60916	56082	53326	99326	33380	16015	12510	17372	30712	15445	28318	23492	24160	14112
2020-03-25	14583	62939	9322	17302	20950	48570	61271	54945	53402	101465	31924	16221	12072	17626	30905	14453	28797	24427	23581	15033
2020-03-26	14799	66181	9517	17223	21609	49199	60502	55916	56055	99835	32048	17200	12300	17975	30300	14889	28415	24387	23754	15508
2020-03-27	14434	65208	9769	17428	22636	47901	62110	57386	55145	101422	32403	17811	12015	17322	30580	14268	28271	24617	23743	16070
2020-03-28	13372	58149	9007	16003	20631	38420	54223	51041	51354	94043	28522	16187	10984	15273	28322	13095	25502	22224	20724	15439
2020-03-29	13540	59050	8963	16813	20869	39084	57424	53827	50020	95179	27876	17804	11199	15037	29338	13597	26837	22240	20965	15003
2020-03-30	14457	65044	9341	20198	22552	46789	61534	58799	55174	99432	29943	17832	12137	15738	32752	14485	28236	23758	22388	15729
2020-03-31	14511	64589	10001	19035	21403	48596	61795	56744	53666	100402	30107	16734	12326	16155	31839	13986	28679	22855	23637	15381
2020-04-01	14382	63312	9604	18592	21944	47837	61222	57098	52632	102612	30759	16951	12158	16331	31115	14351	28099	23652	23589	15838
2020-04-02	15002	64194	10100	18918	22040	49430	61841	61342	54575	103359	30360	18362	12964	17917	31308	14822	29536	24081	23623	15841
2020-04-03	14853	64058	9502	19637	22657	47208	62269	57624	55045	104687	31217	17969	11946	17256	31869	15178	28974	23618	22499	15508
2020-04-04	12713	57587	8691	17656	20541	38979	54338	54552	52110	97604	28090	17816	10689	15403	28595	13687	25289	22911	21560	14454
2020-04-05	13609	60107	8787	18968	21355	39800	56329	60610	53806	96228	27634	18876	11056	14301	28063	13182	25337	22155	20421	16798
2020-04-06	14569	63314	9784	19650	22175	46057	59296	59743	55109	100043	28761	18597	12453	15680	30674	14065	27050	23306	22308	15462
2020-04-07	14896	65614	9981	19200	22295	47608	61199	61048	56545	101041	29691	18970	12547	16026	30297	14188	26823	23838	23516	16356
2020-04-08	15796	70677	10160	20055	23037	51607	66005	63424	58031	110327	33751	18751	13339	18410	33947	15513	29556	25544	25478	17416
2020-04-09	15236	65198	10430	19746	22363	46201	60952	59657	55428	101246	30041	17190	12229	16274	30987	14440	28154	24287	22755	16976
2020-04-10	14380	62272	9743	19127	21297	43190	58096	56556	52801	100412	29212	17030	11768	15736	30993	13606	26524	23143	23023	15458
2020-04-11	12492	56321	9039	16367	19602	34769	50917	51253	48755	91150	25178	14790	10572	13665	28883	12448	23195	21421	19946	14392
2020-04-12	13130	57795	8799	16317	20316	35221	53220	53662	48778	91731	25075	15793	10757	13718	28379	12818	23866	21356	19683	14728
2020-04-13	15814	64936	9414	18843	23056	45826	61928	62149	54491	100740	28590	16825	12311	16234	32076	14562	27144	22594	22498	15828
2020-04-14	15574	66158	9933	18585	22886	45934	60238	58414	54687	102087	29701	16955	12262	17383	31447	15020	28116	23993	22994	17391
2020-04-15	15520	66350	9975	19090	23008	46675	60103	58088	55565	105229	29697	17572	13603	16917	30920	15065	27903	24189	23629	18298
2020-04-16	14613	64265	9579	17982	21802	46047	60258	55840	52587	101644	29783	16437	12139	16884	30158	14529	27368	23100	23250	17009
2020-04-17	14915	64599	9060	17590	21994	44496	60352	55877	53187	101639	29737	15138	12743	16357	28948	13988	27459	24099	23182	15686
2020-04-18	12832	54018	6515	16086	20907	35681	53231	49667	49979	96121	26510	11820	10828	14109	20573	12133	23787	22617	20625	10162
2020-04-19	13670	47889	6286	16763	20680	37368	46503	45480	51218	95464	25621	12357	10165	13875	19862	11149	19005	22768	20385	10646
2020-04-20	15021	47395	6790	17789	17620	40069	45837	43526	52909	95668	27566	12546	11219	12835	21763	10976	21727	22515	20013	10606
2020-04-21	14600	46822	6489	17883	15053	38308	47754	43117	48870	90119	24773	11998	11110	12626	22139	10658	23119	23017	17701	10839
2020-04-22	14135	48512	6970	14048	15913	35956	47080	41722	47623	96153	24427	11366	11222	13143	22382	10844	23083	22983	18629	11577
2020-04-23	12972	50268	7455	13551	16633	36607	46561	42754	42618	84052	23673	12260	9416	13230	22529	11158	21797	19418	18691	11796
2020-04-24	13718	52371	8296	14633	18443	38526	50511	46959	43985	85528	26948	14588	10555	15231	27988	12097	23733	20425	19739	12996
2020-04-25	11437	45638	7107	12884	15721	27847	40855	37257	36801	73268	22775	11290	9200	12533	24450	11330	19303	17728	15973	10891
2020-04-26	9919	41637	6040	11611	14815	25366	38995	35592	33578	67755	19642	10838	8128	10556	19236	9028	18240	16194	14669	10007
2020-04-27	10490	47257	6735	13125	15437	34121	47887	40256	37529	75066	22321	11262	9108	12132	22849	10309	21342	16796	17241	10864
2020-04-28	11285	47667	7033	13925	15294	34539	45809	40362	38739	73628	21926	11687	9432	12557	22306	10577	21340	17514	18301	10688
2020-04-29	10794	46012	7015	13277	14916	33772	45323	40456	37288	70682	22517	11165	8421	11747	20929	9917	20046	16600	17848	10770
2020-04-30	11629	50148	7542	14398	16319	36523	48384	42389	39490	77597	23508	12062	9592	12839	23680	10916	22377	17517	18946	11889
2020-05-01	11577	50249	7120	14951	16840	36116	48806	44208	40495	82181	24445	12687	10006	13549	24019	10788	23254	18759	18679	11769
2020-05-02	9531	41808	6213	11442	14598	26882	40562	36388	35347	72633	21232	10458	8091	11354	19394	8590	18705	16379	15961	9801
2020-05-03	9351	41884	5954	11396	14282	26635	40292	36985	35245	67610	19389	10667	7640	10031	20046	9662	18039	16029	15391	9956
2020-05-04	10915	47296	7084	13734	15910	35554	45404	41329	38035	75187	21894	11812	9166	11927	22198	10663	20929	16521	17318	10922
2020-05-05	11059	48693	7078	14038	16137	36452	46530	41811	39368	77536	23338	11785	9150	12056	22872	11056	21417	17603	17877	10944
2020-05-06	11060	48316	7060	13236	15806	36173	47062	41169	38758	76929	23277	12022	8832	12665	23146	10739	21894	17445	18981	10646
2020-05-07	11275	48988	7713	13915	16019	37151	48134	42015	39915	79172	24179	11572	9328	12943	23194	10973	21894	18470	18889	10658
2020-05-08	11877	50002	7229	14073	16650	37295	49252	42881	40342	80768	24047	12591	9745	13114	24378	10904	22390	18430	18937	11242
2020-05-09	9793	43686	6332	12631	13881	29251	42719	37036	34596	72906	20875	11493	8427	10411	21283	9223	19517	16166	15922	10197
2020-05-10	9349	42554	6202	12449	14969	28254	41942	38974	35170	71595	19849	11597	8219	10310	21245	9195	18894	16501	15565	10642
2020-05-11	10888	49764	7479	14371	15891	35382	48191	42358	36720	77306	23086	11542	9252	12409	23053	10197	21426	16180	17883	10842
2020-05-12	11134	50941	7623	14253	16116	38326	49041	42766	39249	80919	24650	12463	10049	13283	24058	10724	21625	17928	19026	11487
2020-05-13	11563	50331	7855	15607	16881	37563	48173	43888	39971	82523	24982	12200	9364	13263	23690	11679	21821	17868	19622	11031
2020-05-14	11547	53764	8153	14442	16877	38655	50561	44254	41216	82603	25579	12672	10482	13579	25061	11456	22454	18309	19794	12871
2020-05-15	11188	52995	7520	14925	17660	37291	50947	43763	41912	83747	25261	13250	10126	13093	24330	10822	22405	18366	20015	12674
2020-05-16	9963	45626	6863	12676	15748	29442	42306	39476	38064	75860	22352	11741	8841	11117	20795	9431	19623	17302	16641	10945
2020-05-17	10898	47774	6747	12814	16195	28636	43059	43150	36923	74536	21704	11374	9046	10075	21915	9404	19154	16721	16321	11003
2020-05-18	11806	53756	8026	14269	17518	36904	48483	44418	39253	80719	23437	11714	10099	12101	24238	10212	22028	17410	18014	12118
2020-05-19	11841	51387	7890	13839	16934	36762	48095	44284	40085	79084	24823	11570	10009	12988	24384	10653	21486	17849	18761	11696
2020-05-20	11915	51997	7812	15173	17231	37314	48678	45545	40197	82075	24901	12207	9458	13330	24125	11168	21982	18546	19323	11732
2020-05-21	12811	52661	7651	15441	17131	39522	51211	46008	41537	84122	25685	11975	9319	13708	24910	11342	21672	18698	20550	11924
2020-05-22	11948	54201	7828	16148	17286	38679	51599	47351	42717	85148	25849	12252	9878	13200	25589	11284	22079	18805	20483	12178
2020-05-23	9831	46241	6569	13213	15103	28377	44201	39601	36388	72785	21556	11590	8184	10842	22859	9185	18931	16932	16657	10709
2020-05-24	10035	45527	6843	13269	15374	28728	43673	39338	36030	71241	20488	11281	7788	10558	22004	8914	18903	16171	15535	9918
2020-05-25	11356	45689	6555	13973	16041	29308	44013	41563	36782	73128	21724	11429	8520	10783	21592	9428	19210	16232	16245	10236
2020-05-26	12452	53577	7541	15904	18084	37583	51669	47313	40605	81605	24561	12660	9768	12253	24837	10948	22564	18592	20086	12214
2020-05-27	12636	56282	8507	15714	18388	41463	52727	49558	43706	87541	26860	12550	10084	14612	25798	12482	23985	20280	21725	12501
2020-05-28	13582	60087	8653	17233	19237	44434	55998	54401	48060	93233	27771	14591	11262	15154	28903	12619	25518	20622	22424	13652
2020-05-29	14411	61311	9253	17202	20520	47715	60669	55004	48906	97621	30670	15129	11893	17708	30171	13569	28019	22409	23302	14633
2020-05-30	13609	54762	8513	15680	19018	39279	53251	64709	45988	89465	27668	13887	10980	14402	27611	12055	23137	20947	20769	13716
2020-05-31	13704	69916	9362	15194	22793	42394	58557	54790	46008	110520	34726	13465	12885	15810	33487	14907	23615	23093	22202	13628
2020-06-01	14086	69232	10444	16310	22376	55547	62605	54735	47286	114295	33982	14660	12136	16667	33094	14131	30561	23845	24917	13932
2020-06-02	14202	70614	9811	17960	24340	57685	67323	56627	51549	118777	36056	16766	11986	17281	35717	14516	28296	24824	26603	15395
2020-06-03	16307	66149	10793	18130	23282	55385	67446	58735	53942	109298	34426	17931	11699	16525	33410	14485	29059	23601	25344	16580
2020-06-04	14579	64105	9654	17239	21022	53195	63123	55063	50913	104461	32711	17358	11584	16633	31584	13761	27187	23889	25427	14856
2020-06-05	13698	64838	9919	18836	19773	53787	65631	54221	48292	101564	32665	14787	11595	16531	30888	14216	27484	22359	24767	14619
2020-06-06	11245	52947	7974	14720	17092	38948	51990	45055	41446	85921	26875	13362	9541	13453	26983	10945	23361	20148	20298	11883
2020-06-07	11079	50525	8275	14222	17167	36179	50033	44953	40644	82113	27935	14374	8846	12384	25791	10506	21943	19492	18606	11555
2020-06-08	12547	55664	8684	15874	18136	43432	55048	50188	43877	89272	31679	15494	10037	13519	26482	11584	23543	20212	19513	13036
2020-06-09	13712	59695	9375	17507	19716	45152	56100	57481	47807	91914	29364	14710	10955	14718	28337	13057	24432	21184	21490	13654
2020-06-10	14623	61091	9379	17906	19177	46388	57752	55939	47260	95544	30396	14789	11163	15020	28905	13287	25427	21224	21947	14141
2020-06-11	14108	61149	9645	18064	19859	46909	58649	54126	48999	99199	34420	14243	11037	14899	29928	12943	26513	21684	22624	14013
2020-06-12	13016	55724	8609	16343	18892	42532	55205	51069	48222	94748	30623	12864	10262	14676	29022	12473	24568	21267	21561	13247
2020-06-13	10828	48569	7528	13672	16487	32235	44938	45725	42062	82159	27679	12010	8675	12141	23237	10524	19948	19277	17999	11449
2020-06-14	10723	49229	7596	14191	16616	32212	45896	49429	41401	81348	24890	11770	8784	11758	25104	10249	20132	19821	16850	11762
2020-06-15	13201	56641	8336	16471	19688	42825	54954	54016	46860	89808	27428	13362	10489	13822	28055	12430	23637	20072	19966	13311
2020-06-16	13423	58129	9130	17331	18839	45273	56354	52273	49261	92365	27827	13454	11128	14127	28130	12485	24018	21500	20965	12958
2020-06-17	14381	63462	9341	19030	20032	48624	59865	59506	54094	98135	28944	15265	11775	15181	30673	14257	25618	22532	22089	13710
2020-06-18	13940	62846	9898	17992	20587	47881	59826	54759	51329	99256	29387	14434	11057	15945	30310	13517	26290	22695	23331	13206
2020-06-19	13214	60225	9079	17725	19532	43887	57700	52310	50108	97456	28969	13565	10732	14492	28588	13234	24970	22429	22378	12868
2020-06-20	11140	51663	6840	14486	17905	38262	46846	45676	42594	86037	23205	9866	8985	11591	25509	11701	21987	20744	19550	8698
2020-06-21	11094	49038	6580	11940	18014	36927	44061	42230	44804	86705	22292	10529	9428	10568	26672	12607	22805	20845	19702	9095
2020-06-22	12870	47788	6804	12955	18310	40296	45707	40169	48756	86219	23602	11205	10204	11527	28098	12313	21547	20305	21211	10105
2020-06-23	12418	49077	7200	14791	19916	43561	49835	43302	50468	86733	25931	11570	9594	12460	27893	13243	22295	22163	22923	11125
2020-06-24	11747	49746	7524	14232	19258	41434	48628	44822	49431	85246	27033	12181	9410	12954	24290	13619	22654	22288	23476	10762
2020-06-25	11586	49137	7132	14043	17190	40249	48790	42823	47578	82799	27418	11628	9877	13221	23984	13855	22483	24917	21299	10456
2020-06-26	11628	50106	7024	13546	16806	38691	48108	43263	44815	79894	26433	11352	9177	13381	23445	11476	22300	21548	20404	10722
2020-06-27	10042	44676	6821	11524	14885	29454	40854	38468	37754	72490	22939	10270	7819	10585	20572	9713	19132	16996	16663	9710
2020-06-28	9990	43201	6463	11731	14726	28311	40554	37665	37741	69090	21895	10645	7837	10772	20211	9573	19646	16331	16162	9493
2020-06-29	12646	49742	7324	14053	16828	37620	49564	45831	41965	77506	25509	12702	9097	13149	24103	11655	23112	17687	18603	11236
2020-06-30	12742	52032	7686	14017	16655	39158	52456	46050	42188	82897	26404	12940	9603	13950	24865	11546	23478	18498	19653	11767
2020-07-01	12466	51001	7647	14430	16923	39677	50585	45054	42954	81534	27375	12116	9593	14090	24811	12210	22495	17801	20057	11852
2020-07-02	11512	50192	7632	13777	17127	37517	48012	42588	42270	80078	26517	11583	9489	13055	24258	11485	21596	18172	20529	11079
2020-07-03	11124	45663	6936	12864	16178	32530	45805	40510	40580	77280	24330	11284	9452	11688	23339	10303	20554	17471	18102	10538
2020-07-04	10062	42646	6651	11722	14906	29594	41283	38562	37660	73658	23137	10704	8842	11326	21063	9925	18728	17642	16534	9902
2020-07-05	9837	42468	6601	12175	15031	28016	39498	39699	37010	73836	21840	10319	8427	11223	20457	9617	17950	16499	15929	9673
2020-07-06	11204	48967	8083	14846	16664	35952	47488	46626	41158	78539	24002	11369	9712	12252	24570	10910	21549	17734	17886	10333
2020-07-07	11702	52397	7815	15245	18116	39257	50166	47506	43031	80754	25563	12168	10306	13781	24496	11837	22249	18087	19972	11458
2020-07-08	11766	54354	8436	15419	17905	40605	51737	46233	43566	84003	27585	12282	9967	14161	26223	11647	23435	19802	21147	11560
2020-07-09	11838	53518	8156	15126	18160	41820	51715	45919	43629	85311	26638	12502	10267	14084	25779	12774	24714	18786	20930	12073
2020-07-10	12461	55143	7773	17016	19442	40244	52095	49358	44585	85379	26621	12377	10425	14142	27215	11596	23944	19850	20823	12815
2020-07-11	11181	45682	7188	12978	16517	31054	44694	42183	39906	77487	24205	11783	8984	11698	22063	10033	21523	17741	17586	10672
2020-07-12	10701	44820	6619	13326	16557	29727	42124	41417	39414	75271	21934	11484	8815	11220	21491	9995	19736	18512	16662	10378
2020-07-13	12480	50705	7755	15202	17093	37160	49517	46109	42423	82458	24477	12829	9356	13193	23962	11053	22620	18793	18995	11588
2020-07-14	12350	52730	7962	14844	17838	39950	50764	47594	42803	84868	26797	12741	9609	13726	25635	11479	23600	19517	20116	11466
2020-07-15	12967	55429	8424	15979	18364	41803	53417	50252	44340	87153	27027	12627	10390	14004	26777	12784	23472	19949	21206	12211
2020-07-16	12560	54119	7828	15089	18399	41382	51277	50187	42809	85522	26673	12579	9612	14692	25794	12117	23516	19819	21029	11953
2020-07-17	12168	54655	7979	14637	17773	39172	50068	47893	43542	86114	27141	11826	9463	14249	25113	11283	23494	19351	21275	11481
2020-07-18	11038	48192	7019	12825	15959	32257	42112	42110	37250	74917	22548	10687	8755	11282	21876	10161	19736	18036	17146	10319
2020-07-19	10638	48064	7198	13084	15867	29888	42654	43441	38476	74678	21638	10700	8831	10558	22430	9483	20009	18581	15664	11332
2020-07-20	11903	55333	8179	16529	17648	38515	50906	48868	42344	80326	26202	12777	9985	12759	26165	11581	22668	18558	18214	11899
2020-07-21	12134	56682	8758	16633	19250	42679	53083	50037	44756	85863	27426	12992	10463	13655	27020	12211	24337	19322	20163	12400
2020-07-22	13180	59361	9258	17742	19466	44072	55058	51031	45985	90526	28615	12688	10155	14413	28301	12775	25521	20608	21811	13035
2020-07-23	13972	60222	9580	17574	20979	47484	57993	52770	47668	95349	30906	12854	10993	14793	30438	13433	27798	21304	20898	13227
2020-07-24	12676	58703	8784	16600	19084	41995	55768	49745	45546	93745	29290	12852	9538	14066	28951	13908	25540	20653	21909	11811
2020-07-25	10791	51294	7226	13348	15571	31206	45256	43206	42345	79532	26046	11196	8488	11703	23676	11279	21355	19517	18105	10340
2020-07-26	10166	48978	7318	13886	16727	30706	44408	43074	41385	76915	25538	10862	7979	11306	23705	10700	20614	18480	15589	11057
2020-07-27	12055	53212	8442	15859	18108	38123	50328	48187	42772	83952	26868	11900	9508	12880	25545	11481	23854	19142	19196	12470
2020-07-28	13420	59115	8571	16163	19350	44131	55192	51610	45230	89763	28603	13058	10114	14249	28147	13068	26132	21030	20692	13503
2020-07-29	13183	59237	8985	17244	18465	46261	56203	50570	50079	91011	29085	13668	10690	14702	27483	13104	25276	21131	22743	13103
2020-07-30	13432	59424	9124	16629	19310	48548	57689	50908	47965	103486	29696	13664	10974	14816	28346	13212	26700	21609	21638	12401
2020-07-31	12894	55401	8678	16233	18744	42737	53412	49155	44893	92378	28835	13587	10347	13735	27373	12918	25022	20888	20700	11688
